http://i.imgur.com/TKLs9lo.jpg, #ffffff, #fefefe, #f6f6f6
http://i.imgur.com/FApqk3D.jpg, #ffffff, #000000, #f3c300
http://i.imgur.com/lcEUZHv.jpg, #ffffff, #c6bbbf, #444a5a
https://i.redd.it/s5viyluv421z.jpg, #79512e, #7b5330, #7a522f
http://i.imgur.com/M3NOzLC.jpg, #ffffff, #93907d, #928f7c
https://i.redd.it/1nlgrn49x7ry.jpg, #bfbfbf, #cbcbcb, #14100d
https://i.redd.it/xae65ypfqycy.jpg, #f4f4f4, #c83a2e, #c83b2f
https://i.redd.it/4m5yk8gjrtzy.jpg, #010101, #020001, #000000
https://i.redd.it/w5q6gldnvcuy.jpg, #f3f3f3, #f2f2f2, #101938
https://i.redd.it/h5t3qddvvzry.jpg, #0e0e0e, #0d0d0d, #020202
http://i.imgur.com/puEqa4C.jpg, #908e9c, #928fa2, #92909e
http://i.imgur.com/sXhEQez.jpg, #ffffff, #000000, #fdfdfd
https://i.redd.it/cwljeujku33z.jpg, #e9e6df, #e9e4de, #e4e1dc
http://i.imgur.com/tyDhTll.jpg, #070705, #050503, #040603
https://i.redd.it/fsuv32a1cc9y.jpg, #ffffff, #fefefe, #fdfdfd
https://i.redd.it/d8021b5i2moy.jpg, #ffffff, #020305, #000000
https://i.redd.it/ihczg3pmle3z.jpg, #a4ad9c, #afb8a7, #b0b9a8
http://i.imgur.com/RycdbMO.jpg, #ffffff, #faffff, #fbffff
http://i.imgur.com/6pnYQUv.jpg, #1a1b1f, #191a1e, #18191d
https://i.redd.it/7ofdqmp53bzy.jpg, #93886c, #988d71, #968b6f
https://i.redd.it/cpkq97klre4z.jpg, #777868, #767767, #787969
https://i.redd.it/n9jq5j2tatcy.jpg, #f3ffff, #f4ffff, #f5ffff
https://i.redd.it/ftd3sx5ah13z.jpg, #b54b31, #b44b2d, #ffffff
https://i.redd.it/0qow2dksb34z.jpg, #ffffff, #93cbed, #736756
https://i.redd.it/nrafqoujmety.jpg, #232124, #242225, #222023
http://i.imgur.com/qvnjbVw.jpg, #a9acb5, #a8abb4, #abaeb7
https://i.redd.it/c5pk0vnpg3ty.jpg, #6e81cd, #6e81ce, #ffffff
https://i.redd.it/ru12lvaf7jyy.jpg, #9d9996, #9c9895, #9e9a97
https://i.redd.it/rubsfuf64lvy.jpg, #bab3a1, #bbb4a2, #bcb5a3
http://i.imgur.com/pt9rmrv.jpg, #ffffff, #fcebdb, #fbeada
https://i.redd.it/ax4eueu0szpy.jpg, #bcbac7, #22273a, #bbb9c7
https://i.imgur.com/HRgRMOw.jpg, #a4a3a8, #a3a2a7, #408a59
https://i.redd.it/sn7ufk9fsv4z.jpg, #cbd0d6, #ccd1d7, #cacfd5
https://i.redd.it/guul6eld2soy.jpg, #827b69, #878473, #7a7362
http://i.imgur.com/TKLs9lo.jpg, #ffffff, #fefefe, #f6f6f6
https://i.redd.it/fyqzavufvjwy.jpg, #dcb083, #fefefe, #ffffff
https://i.redd.it/tb5pckm6e72y.jpg, #b8b6aa, #a1a29d, #b7b5a9
http://i.imgur.com/FApqk3D.jpg, #ffffff, #000000, #f3c300
http://i.imgur.com/Gh2I3pq.jpg, #beab9c, #bdaa9b, #bba899
https://i.redd.it/m4cfqp8wfv5z.jpg, #d1d1d1, #d0d0d0, #dadadc
https://i.redd.it/4m5yk8gjrtzy.jpg, #010101, #020001, #000000
https://i.redd.it/xae65ypfqycy.jpg, #f4f4f4, #c83a2e, #c83b2f
https://i.redd.it/1nlgrn49x7ry.jpg, #bfbfbf, #cbcbcb, #14100d
http://i.imgur.com/M3NOzLC.jpg, #ffffff, #93907d, #928f7c
http://i.imgur.com/lcEUZHv.jpg, #ffffff, #c6bbbf, #444a5a
https://i.redd.it/s5viyluv421z.jpg, #79512e, #7b5330, #7a522f
https://i.redd.it/w5q6gldnvcuy.jpg, #f3f3f3, #f2f2f2, #101938
https://i.redd.it/d8021b5i2moy.jpg, #ffffff, #020305, #000000
https://i.redd.it/lsuw4p2ncyny.jpg, #ffffff, #a67742, #9e9e9c
https://i.redd.it/h5t3qddvvzry.jpg, #0e0e0e, #0d0d0d, #020202
http://i.imgur.com/sXhEQez.jpg, #ffffff, #000000, #fdfdfd
http://i.imgur.com/tyDhTll.jpg, #070705, #050503, #040603
http://i.imgur.com/puEqa4C.jpg, #908e9c, #928fa2, #92909e
https://i.redd.it/cwljeujku33z.jpg, #e9e6df, #e9e4de, #e4e1dc
https://i.redd.it/fsuv32a1cc9y.jpg, #ffffff, #fefefe, #fdfdfd
https://i.redd.it/ihczg3pmle3z.jpg, #a4ad9c, #afb8a7, #b0b9a8
https://i.redd.it/cpkq97klre4z.jpg, #777868, #767767, #787969
http://i.imgur.com/RycdbMO.jpg, #ffffff, #faffff, #fbffff
https://i.redd.it/7ofdqmp53bzy.jpg, #93886c, #988d71, #968b6f
https://i.redd.it/n9jq5j2tatcy.jpg, #f3ffff, #f4ffff, #f5ffff
http://i.imgur.com/6pnYQUv.jpg, #1a1b1f, #191a1e, #18191d
https://i.redd.it/ftd3sx5ah13z.jpg, #b54b31, #b44b2d, #ffffff
http://i.imgur.com/pt9rmrv.jpg, #ffffff, #fcebdb, #fbeada
https://i.redd.it/0qow2dksb34z.jpg, #ffffff, #93cbed, #736756
https://i.redd.it/nrafqoujmety.jpg, #232124, #242225, #222023
https://i.redd.it/rubsfuf64lvy.jpg, #bab3a1, #bbb4a2, #bcb5a3
https://i.redd.it/ru12lvaf7jyy.jpg, #9d9996, #9c9895, #9e9a97
http://i.imgur.com/qvnjbVw.jpg, #a9acb5, #a8abb4, #abaeb7
https://i.imgur.com/HRgRMOw.jpg, #a4a3a8, #a3a2a7, #408a59
https://i.redd.it/c5pk0vnpg3ty.jpg, #6e81cd, #6e81ce, #ffffff
https://i.redd.it/ax4eueu0szpy.jpg, #bcbac7, #22273a, #bbb9c7
https://i.redd.it/sn7ufk9fsv4z.jpg, #cbd0d6, #ccd1d7, #cacfd5
http://i.imgur.com/Gh2I3pq.jpg, #beab9c, #bdaa9b, #bba899
https://i.redd.it/tb5pckm6e72y.jpg, #b8b6aa, #a1a29d, #b7b5a9
http://i.imgur.com/TKLs9lo.jpg, #ffffff, #fefefe, #f6f6f6
http://i.imgur.com/FApqk3D.jpg, #ffffff, #000000, #f3c300
https://i.redd.it/fyqzavufvjwy.jpg, #dcb083, #fefefe, #ffffff
https://i.redd.it/guul6eld2soy.jpg, #827b69, #878473, #7a7362
https://i.redd.it/m4cfqp8wfv5z.jpg, #d1d1d1, #d0d0d0, #dadadc
http://i.imgur.com/enhDnTM.jpg, #ffffff, #fefefe, #fdfdfd
https://i.redd.it/4m5yk8gjrtzy.jpg, #010101, #020001, #000000
https://i.redd.it/1nlgrn49x7ry.jpg, #bfbfbf, #cbcbcb, #14100d
http://i.imgur.com/lcEUZHv.jpg, #ffffff, #c6bbbf, #444a5a
https://i.redd.it/xae65ypfqycy.jpg, #f4f4f4, #c83a2e, #c83b2f
https://i.redd.it/lsuw4p2ncyny.jpg, #ffffff, #a67742, #9e9e9c
http://i.imgur.com/M3NOzLC.jpg, #ffffff, #93907d, #928f7c
https://i.redd.it/s5viyluv421z.jpg, #79512e, #7b5330, #7a522f
https://i.redd.it/w5q6gldnvcuy.jpg, #f3f3f3, #f2f2f2, #101938
https://i.redd.it/d8021b5i2moy.jpg, #ffffff, #020305, #000000
https://i.redd.it/h5t3qddvvzry.jpg, #0e0e0e, #0d0d0d, #020202
http://i.imgur.com/sXhEQez.jpg, #ffffff, #000000, #fdfdfd
http://i.imgur.com/tyDhTll.jpg, #070705, #050503, #040603
http://i.imgur.com/puEqa4C.jpg, #908e9c, #928fa2, #92909e
https://i.redd.it/fsuv32a1cc9y.jpg, #ffffff, #fefefe, #fdfdfd
https://i.redd.it/ihczg3pmle3z.jpg, #a4ad9c, #afb8a7, #b0b9a8
https://i.redd.it/cwljeujku33z.jpg, #e9e6df, #e9e4de, #e4e1dc
https://i.redd.it/cpkq97klre4z.jpg, #777868, #767767, #787969
http://i.imgur.com/RycdbMO.jpg, #ffffff, #faffff, #fbffff
https://i.redd.it/7ofdqmp53bzy.jpg, #93886c, #988d71, #968b6f
https://i.redd.it/n9jq5j2tatcy.jpg, #f3ffff, #f4ffff, #f5ffff
http://i.imgur.com/6pnYQUv.jpg, #1a1b1f, #191a1e, #18191d
https://i.redd.it/ftd3sx5ah13z.jpg, #b54b31, #b44b2d, #ffffff
https://i.redd.it/0qow2dksb34z.jpg, #ffffff, #93cbed, #736756
https://i.redd.it/rubsfuf64lvy.jpg, #bab3a1, #bbb4a2, #bcb5a3
https://i.redd.it/nrafqoujmety.jpg, #232124, #242225, #222023
https://i.redd.it/ru12lvaf7jyy.jpg, #9d9996, #9c9895, #9e9a97
http://i.imgur.com/qvnjbVw.jpg, #a9acb5, #a8abb4, #abaeb7
https://i.redd.it/c5pk0vnpg3ty.jpg, #6e81cd, #6e81ce, #ffffff
https://i.imgur.com/HRgRMOw.jpg, #a4a3a8, #a3a2a7, #408a59
https://i.redd.it/ax4eueu0szpy.jpg, #bcbac7, #22273a, #bbb9c7
http://i.imgur.com/pt9rmrv.jpg, #ffffff, #fcebdb, #fbeada
https://i.redd.it/sn7ufk9fsv4z.jpg, #cbd0d6, #ccd1d7, #cacfd5
https://i.redd.it/guul6eld2soy.jpg, #827b69, #878473, #7a7362
https://i.redd.it/tb5pckm6e72y.jpg, #b8b6aa, #a1a29d, #b7b5a9
https://i.redd.it/m4cfqp8wfv5z.jpg, #d1d1d1, #d0d0d0, #dadadc
http://i.imgur.com/TKLs9lo.jpg, #ffffff, #fefefe, #f6f6f6
https://i.redd.it/fyqzavufvjwy.jpg, #dcb083, #fefefe, #ffffff
http://i.imgur.com/FApqk3D.jpg, #ffffff, #000000, #f3c300
http://i.imgur.com/Gh2I3pq.jpg, #beab9c, #bdaa9b, #bba899
http://i.imgur.com/enhDnTM.jpg, #ffffff, #fefefe, #fdfdfd
https://i.redd.it/4m5yk8gjrtzy.jpg, #010101, #020001, #000000
https://i.redd.it/1nlgrn49x7ry.jpg, #bfbfbf, #cbcbcb, #14100d
http://i.imgur.com/lcEUZHv.jpg, #ffffff, #c6bbbf, #444a5a
http://i.imgur.com/M3NOzLC.jpg, #ffffff, #93907d, #928f7c
https://i.redd.it/xae65ypfqycy.jpg, #f4f4f4, #c83a2e, #c83b2f
https://i.redd.it/lsuw4p2ncyny.jpg, #ffffff, #a67742, #9e9e9c
https://i.redd.it/w5q6gldnvcuy.jpg, #f3f3f3, #f2f2f2, #101938
https://i.redd.it/s5viyluv421z.jpg, #79512e, #7b5330, #7a522f
https://i.redd.it/d8021b5i2moy.jpg, #ffffff, #020305, #000000
https://i.redd.it/h5t3qddvvzry.jpg, #0e0e0e, #0d0d0d, #020202
http://i.imgur.com/sXhEQez.jpg, #ffffff, #000000, #fdfdfd
http://i.imgur.com/tyDhTll.jpg, #070705, #050503, #040603
http://i.imgur.com/puEqa4C.jpg, #908e9c, #928fa2, #92909e
https://i.redd.it/cwljeujku33z.jpg, #e9e6df, #e9e4de, #e4e1dc
https://i.redd.it/fsuv32a1cc9y.jpg, #ffffff, #fefefe, #fdfdfd
https://i.redd.it/ihczg3pmle3z.jpg, #a4ad9c, #afb8a7, #b0b9a8
https://i.redd.it/cpkq97klre4z.jpg, #777868, #767767, #787969
http://i.imgur.com/RycdbMO.jpg, #ffffff, #faffff, #fbffff
https://i.redd.it/7ofdqmp53bzy.jpg, #93886c, #988d71, #968b6f
http://i.imgur.com/6pnYQUv.jpg, #1a1b1f, #191a1e, #18191d
https://i.redd.it/n9jq5j2tatcy.jpg, #f3ffff, #f4ffff, #f5ffff
https://i.redd.it/sn7ufk9fsv4z.jpg, #cbd0d6, #ccd1d7, #cacfd5
https://i.redd.it/ftd3sx5ah13z.jpg, #b54b31, #b44b2d, #ffffff
https://i.redd.it/rubsfuf64lvy.jpg, #bab3a1, #bbb4a2, #bcb5a3
https://i.redd.it/0qow2dksb34z.jpg, #ffffff, #93cbed, #736756
http://i.imgur.com/qvnjbVw.jpg, #a9acb5, #a8abb4, #abaeb7
https://i.redd.it/c5pk0vnpg3ty.jpg, #6e81cd, #6e81ce, #ffffff
https://i.redd.it/ru12lvaf7jyy.jpg, #9d9996, #9c9895, #9e9a97
https://i.imgur.com/HRgRMOw.jpg, #a4a3a8, #a3a2a7, #408a59
https://i.redd.it/nrafqoujmety.jpg, #232124, #242225, #222023
http://i.imgur.com/pt9rmrv.jpg, #ffffff, #fcebdb, #fbeada
https://i.redd.it/ax4eueu0szpy.jpg, #bcbac7, #22273a, #bbb9c7
https://i.redd.it/guul6eld2soy.jpg, #827b69, #878473, #7a7362
https://i.redd.it/fyqzavufvjwy.jpg, #dcb083, #fefefe, #ffffff
http://i.imgur.com/TKLs9lo.jpg, #ffffff, #fefefe, #f6f6f6
https://i.redd.it/tb5pckm6e72y.jpg, #b8b6aa, #a1a29d, #b7b5a9
http://i.imgur.com/FApqk3D.jpg, #ffffff, #000000, #f3c300
http://i.imgur.com/Gh2I3pq.jpg, #beab9c, #bdaa9b, #bba899
https://i.redd.it/4m5yk8gjrtzy.jpg, #010101, #020001, #000000
https://i.redd.it/m4cfqp8wfv5z.jpg, #d1d1d1, #d0d0d0, #dadadc
https://i.redd.it/1nlgrn49x7ry.jpg, #bfbfbf, #cbcbcb, #14100d
http://i.imgur.com/lcEUZHv.jpg, #ffffff, #c6bbbf, #444a5a
https://i.redd.it/xae65ypfqycy.jpg, #f4f4f4, #c83a2e, #c83b2f
https://i.redd.it/lsuw4p2ncyny.jpg, #ffffff, #a67742, #9e9e9c
http://i.imgur.com/M3NOzLC.jpg, #ffffff, #93907d, #928f7c
https://i.redd.it/d8021b5i2moy.jpg, #ffffff, #020305, #000000
https://i.redd.it/h5t3qddvvzry.jpg, #0e0e0e, #0d0d0d, #020202
https://i.redd.it/s5viyluv421z.jpg, #79512e, #7b5330, #7a522f
https://i.redd.it/w5q6gldnvcuy.jpg, #f3f3f3, #f2f2f2, #101938
http://i.imgur.com/sXhEQez.jpg, #ffffff, #000000, #fdfdfd
http://i.imgur.com/puEqa4C.jpg, #908e9c, #928fa2, #92909e
http://i.imgur.com/tyDhTll.jpg, #070705, #050503, #040603
https://i.redd.it/cwljeujku33z.jpg, #e9e6df, #e9e4de, #e4e1dc
https://i.redd.it/ihczg3pmle3z.jpg, #a4ad9c, #afb8a7, #b0b9a8
https://i.redd.it/fsuv32a1cc9y.jpg, #ffffff, #fefefe, #fdfdfd
http://i.imgur.com/RycdbMO.jpg, #ffffff, #faffff, #fbffff
https://i.redd.it/7ofdqmp53bzy.jpg, #93886c, #988d71, #968b6f
https://i.redd.it/cpkq97klre4z.jpg, #777868, #767767, #787969
https://i.redd.it/ftd3sx5ah13z.jpg, #b54b31, #b44b2d, #ffffff
http://i.imgur.com/6pnYQUv.jpg, #1a1b1f, #191a1e, #18191d
http://i.imgur.com/enhDnTM.jpg, #ffffff, #fefefe, #fdfdfd
http://i.imgur.com/pt9rmrv.jpg, #ffffff, #fcebdb, #fbeada
https://i.redd.it/0qow2dksb34z.jpg, #ffffff, #93cbed, #736756
https://i.redd.it/sn7ufk9fsv4z.jpg, #cbd0d6, #ccd1d7, #cacfd5
https://i.redd.it/n9jq5j2tatcy.jpg, #f3ffff, #f4ffff, #f5ffff
https://i.redd.it/nrafqoujmety.jpg, #232124, #242225, #222023
https://i.redd.it/rubsfuf64lvy.jpg, #bab3a1, #bbb4a2, #bcb5a3
https://i.imgur.com/HRgRMOw.jpg, #a4a3a8, #a3a2a7, #408a59
https://i.redd.it/c5pk0vnpg3ty.jpg, #6e81cd, #6e81ce, #ffffff
http://i.imgur.com/qvnjbVw.jpg, #a9acb5, #a8abb4, #abaeb7
https://i.redd.it/ru12lvaf7jyy.jpg, #9d9996, #9c9895, #9e9a97
https://i.redd.it/ax4eueu0szpy.jpg, #bcbac7, #22273a, #bbb9c7
http://i.imgur.com/TKLs9lo.jpg, #ffffff, #fefefe, #f6f6f6
https://i.redd.it/tb5pckm6e72y.jpg, #b8b6aa, #a1a29d, #b7b5a9
https://i.redd.it/fyqzavufvjwy.jpg, #dcb083, #fefefe, #ffffff
http://i.imgur.com/FApqk3D.jpg, #ffffff, #000000, #f3c300
https://i.redd.it/guul6eld2soy.jpg, #827b69, #878473, #7a7362
https://i.redd.it/4m5yk8gjrtzy.jpg, #010101, #020001, #000000
https://i.redd.it/m4cfqp8wfv5z.jpg, #d1d1d1, #d0d0d0, #dadadc
http://i.imgur.com/Gh2I3pq.jpg, #beab9c, #bdaa9b, #bba899
https://i.redd.it/1nlgrn49x7ry.jpg, #bfbfbf, #cbcbcb, #14100d
https://i.redd.it/xae65ypfqycy.jpg, #f4f4f4, #c83a2e, #c83b2f
http://i.imgur.com/lcEUZHv.jpg, #ffffff, #c6bbbf, #444a5a
http://i.imgur.com/M3NOzLC.jpg, #ffffff, #93907d, #928f7c
https://i.redd.it/lsuw4p2ncyny.jpg, #ffffff, #a67742, #9e9e9c
https://i.redd.it/d8021b5i2moy.jpg, #ffffff, #020305, #000000
https://i.redd.it/s5viyluv421z.jpg, #79512e, #7b5330, #7a522f
https://i.redd.it/h5t3qddvvzry.jpg, #0e0e0e, #0d0d0d, #020202
https://i.redd.it/w5q6gldnvcuy.jpg, #f3f3f3, #f2f2f2, #101938
http://i.imgur.com/sXhEQez.jpg, #ffffff, #000000, #fdfdfd
http://i.imgur.com/tyDhTll.jpg, #070705, #050503, #040603
http://i.imgur.com/enhDnTM.jpg, #ffffff, #fefefe, #fdfdfd
http://i.imgur.com/puEqa4C.jpg, #908e9c, #928fa2, #92909e
https://i.redd.it/fsuv32a1cc9y.jpg, #ffffff, #fefefe, #fdfdfd
https://i.redd.it/cwljeujku33z.jpg, #e9e6df, #e9e4de, #e4e1dc
https://i.redd.it/ihczg3pmle3z.jpg, #a4ad9c, #afb8a7, #b0b9a8
http://i.imgur.com/RycdbMO.jpg, #ffffff, #faffff, #fbffff
https://i.redd.it/cpkq97klre4z.jpg, #777868, #767767, #787969
https://i.redd.it/n9jq5j2tatcy.jpg, #f3ffff, #f4ffff, #f5ffff
https://i.redd.it/7ofdqmp53bzy.jpg, #93886c, #988d71, #968b6f
https://i.redd.it/ftd3sx5ah13z.jpg, #b54b31, #b44b2d, #ffffff
https://i.redd.it/0qow2dksb34z.jpg, #ffffff, #93cbed, #736756
https://i.redd.it/sn7ufk9fsv4z.jpg, #cbd0d6, #ccd1d7, #cacfd5
http://i.imgur.com/pt9rmrv.jpg, #ffffff, #fcebdb, #fbeada
http://i.imgur.com/6pnYQUv.jpg, #1a1b1f, #191a1e, #18191d
https://i.redd.it/c5pk0vnpg3ty.jpg, #6e81cd, #6e81ce, #ffffff
https://i.redd.it/nrafqoujmety.jpg, #232124, #242225, #222023
https://i.redd.it/rubsfuf64lvy.jpg, #bab3a1, #bbb4a2, #bcb5a3
http://i.imgur.com/qvnjbVw.jpg, #a9acb5, #a8abb4, #abaeb7
https://i.redd.it/ru12lvaf7jyy.jpg, #9d9996, #9c9895, #9e9a97
https://i.imgur.com/HRgRMOw.jpg, #a4a3a8, #a3a2a7, #408a59
https://i.redd.it/ax4eueu0szpy.jpg, #bcbac7, #22273a, #bbb9c7
https://i.redd.it/guul6eld2soy.jpg, #827b69, #878473, #7a7362
http://i.imgur.com/TKLs9lo.jpg, #ffffff, #fefefe, #f6f6f6
https://i.redd.it/tb5pckm6e72y.jpg, #b8b6aa, #a1a29d, #b7b5a9
https://i.redd.it/fyqzavufvjwy.jpg, #dcb083, #fefefe, #ffffff
http://i.imgur.com/FApqk3D.jpg, #ffffff, #000000, #f3c300
https://i.redd.it/4m5yk8gjrtzy.jpg, #010101, #020001, #000000
http://i.imgur.com/Gh2I3pq.jpg, #beab9c, #bdaa9b, #bba899
http://i.imgur.com/enhDnTM.jpg, #ffffff, #fefefe, #fdfdfd
https://i.redd.it/m4cfqp8wfv5z.jpg, #d1d1d1, #d0d0d0, #dadadc
https://i.redd.it/1nlgrn49x7ry.jpg, #bfbfbf, #cbcbcb, #14100d
http://i.imgur.com/lcEUZHv.jpg, #ffffff, #c6bbbf, #444a5a
https://i.redd.it/xae65ypfqycy.jpg, #f4f4f4, #c83a2e, #c83b2f
http://i.imgur.com/M3NOzLC.jpg, #ffffff, #93907d, #928f7c
https://i.redd.it/d8021b5i2moy.jpg, #ffffff, #020305, #000000
https://i.redd.it/s5viyluv421z.jpg, #79512e, #7b5330, #7a522f
https://i.redd.it/lsuw4p2ncyny.jpg, #ffffff, #a67742, #9e9e9c
https://i.redd.it/w5q6gldnvcuy.jpg, #f3f3f3, #f2f2f2, #101938
https://i.redd.it/h5t3qddvvzry.jpg, #0e0e0e, #0d0d0d, #020202
http://i.imgur.com/sXhEQez.jpg, #ffffff, #000000, #fdfdfd
https://i.redd.it/cwljeujku33z.jpg, #e9e6df, #e9e4de, #e4e1dc
http://i.imgur.com/puEqa4C.jpg, #908e9c, #928fa2, #92909e
http://i.imgur.com/tyDhTll.jpg, #070705, #050503, #040603
https://i.redd.it/fsuv32a1cc9y.jpg, #ffffff, #fefefe, #fdfdfd
https://i.redd.it/ihczg3pmle3z.jpg, #a4ad9c, #afb8a7, #b0b9a8
https://i.redd.it/cpkq97klre4z.jpg, #777868, #767767, #787969
https://i.redd.it/7ofdqmp53bzy.jpg, #93886c, #988d71, #968b6f
http://i.imgur.com/RycdbMO.jpg, #ffffff, #faffff, #fbffff
https://i.redd.it/n9jq5j2tatcy.jpg, #f3ffff, #f4ffff, #f5ffff
http://i.imgur.com/6pnYQUv.jpg, #1a1b1f, #191a1e, #18191d
https://i.redd.it/0qow2dksb34z.jpg, #ffffff, #93cbed, #736756
https://i.redd.it/nrafqoujmety.jpg, #232124, #242225, #222023
http://i.imgur.com/pt9rmrv.jpg, #ffffff, #fcebdb, #fbeada
https://i.redd.it/rubsfuf64lvy.jpg, #bab3a1, #bbb4a2, #bcb5a3
https://i.redd.it/ru12lvaf7jyy.jpg, #9d9996, #9c9895, #9e9a97
https://i.imgur.com/HRgRMOw.jpg, #a4a3a8, #a3a2a7, #408a59
http://i.imgur.com/qvnjbVw.jpg, #a9acb5, #a8abb4, #abaeb7
https://i.redd.it/c5pk0vnpg3ty.jpg, #6e81cd, #6e81ce, #ffffff
https://i.redd.it/sn7ufk9fsv4z.jpg, #cbd0d6, #ccd1d7, #cacfd5
https://i.redd.it/ftd3sx5ah13z.jpg, #b54b31, #b44b2d, #ffffff
https://i.redd.it/ax4eueu0szpy.jpg, #bcbac7, #22273a, #bbb9c7
https://i.redd.it/tb5pckm6e72y.jpg, #b8b6aa, #a1a29d, #b7b5a9
https://i.redd.it/guul6eld2soy.jpg, #827b69, #878473, #7a7362
https://i.redd.it/fyqzavufvjwy.jpg, #dcb083, #fefefe, #ffffff
http://i.imgur.com/TKLs9lo.jpg, #ffffff, #fefefe, #f6f6f6
http://i.imgur.com/FApqk3D.jpg, #ffffff, #000000, #f3c300
http://i.imgur.com/Gh2I3pq.jpg, #beab9c, #bdaa9b, #bba899
https://i.redd.it/m4cfqp8wfv5z.jpg, #d1d1d1, #d0d0d0, #dadadc
https://i.redd.it/4m5yk8gjrtzy.jpg, #010101, #020001, #000000
http://i.imgur.com/lcEUZHv.jpg, #ffffff, #c6bbbf, #444a5a
https://i.redd.it/xae65ypfqycy.jpg, #f4f4f4, #c83a2e, #c83b2f
https://i.redd.it/1nlgrn49x7ry.jpg, #bfbfbf, #cbcbcb, #14100d
http://i.imgur.com/M3NOzLC.jpg, #ffffff, #93907d, #928f7c
https://i.redd.it/lsuw4p2ncyny.jpg, #ffffff, #a67742, #9e9e9c
https://i.redd.it/d8021b5i2moy.jpg, #ffffff, #020305, #000000
https://i.redd.it/s5viyluv421z.jpg, #79512e, #7b5330, #7a522f
https://i.redd.it/h5t3qddvvzry.jpg, #0e0e0e, #0d0d0d, #020202
https://i.redd.it/w5q6gldnvcuy.jpg, #f3f3f3, #f2f2f2, #101938
http://i.imgur.com/tyDhTll.jpg, #070705, #050503, #040603
http://i.imgur.com/sXhEQez.jpg, #ffffff, #000000, #fdfdfd
https://i.redd.it/fsuv32a1cc9y.jpg, #ffffff, #fefefe, #fdfdfd
https://i.redd.it/cwljeujku33z.jpg, #e9e6df, #e9e4de, #e4e1dc
http://i.imgur.com/puEqa4C.jpg, #908e9c, #928fa2, #92909e
https://i.redd.it/ihczg3pmle3z.jpg, #a4ad9c, #afb8a7, #b0b9a8
https://i.redd.it/cpkq97klre4z.jpg, #777868, #767767, #787969
http://i.imgur.com/RycdbMO.jpg, #ffffff, #faffff, #fbffff
http://i.imgur.com/enhDnTM.jpg, #ffffff, #fefefe, #fdfdfd
https://i.redd.it/ftd3sx5ah13z.jpg, #b54b31, #b44b2d, #ffffff
https://i.redd.it/n9jq5j2tatcy.jpg, #f3ffff, #f4ffff, #f5ffff
http://i.imgur.com/6pnYQUv.jpg, #1a1b1f, #191a1e, #18191d
https://i.redd.it/7ofdqmp53bzy.jpg, #93886c, #988d71, #968b6f
https://i.redd.it/0qow2dksb34z.jpg, #ffffff, #93cbed, #736756
https://i.redd.it/c5pk0vnpg3ty.jpg, #6e81cd, #6e81ce, #ffffff
https://i.redd.it/nrafqoujmety.jpg, #232124, #242225, #222023
https://i.redd.it/rubsfuf64lvy.jpg, #bab3a1, #bbb4a2, #bcb5a3
https://i.imgur.com/HRgRMOw.jpg, #a4a3a8, #a3a2a7, #408a59
https://i.redd.it/ru12lvaf7jyy.jpg, #9d9996, #9c9895, #9e9a97
http://i.imgur.com/pt9rmrv.jpg, #ffffff, #fcebdb, #fbeada
http://i.imgur.com/qvnjbVw.jpg, #a9acb5, #a8abb4, #abaeb7
https://i.redd.it/sn7ufk9fsv4z.jpg, #cbd0d6, #ccd1d7, #cacfd5
https://i.redd.it/ax4eueu0szpy.jpg, #bcbac7, #22273a, #bbb9c7
https://i.redd.it/fyqzavufvjwy.jpg, #dcb083, #fefefe, #ffffff
https://i.redd.it/tb5pckm6e72y.jpg, #b8b6aa, #a1a29d, #b7b5a9
https://i.redd.it/guul6eld2soy.jpg, #827b69, #878473, #7a7362
http://i.imgur.com/TKLs9lo.jpg, #ffffff, #fefefe, #f6f6f6
http://i.imgur.com/Gh2I3pq.jpg, #beab9c, #bdaa9b, #bba899
http://i.imgur.com/enhDnTM.jpg, #ffffff, #fefefe, #fdfdfd
http://i.imgur.com/FApqk3D.jpg, #ffffff, #000000, #f3c300
https://i.redd.it/m4cfqp8wfv5z.jpg, #d1d1d1, #d0d0d0, #dadadc
http://i.imgur.com/lcEUZHv.jpg, #ffffff, #c6bbbf, #444a5a
https://i.redd.it/4m5yk8gjrtzy.jpg, #010101, #020001, #000000
https://i.redd.it/1nlgrn49x7ry.jpg, #bfbfbf, #cbcbcb, #14100d
http://i.imgur.com/M3NOzLC.jpg, #ffffff, #93907d, #928f7c
https://i.redd.it/xae65ypfqycy.jpg, #f4f4f4, #c83a2e, #c83b2f
https://i.redd.it/lsuw4p2ncyny.jpg, #ffffff, #a67742, #9e9e9c
https://i.redd.it/s5viyluv421z.jpg, #79512e, #7b5330, #7a522f
https://i.redd.it/h5t3qddvvzry.jpg, #0e0e0e, #0d0d0d, #020202
https://i.redd.it/d8021b5i2moy.jpg, #ffffff, #020305, #000000
https://i.redd.it/w5q6gldnvcuy.jpg, #f3f3f3, #f2f2f2, #101938
http://i.imgur.com/sXhEQez.jpg, #ffffff, #000000, #fdfdfd
http://i.imgur.com/tyDhTll.jpg, #070705, #050503, #040603
http://i.imgur.com/puEqa4C.jpg, #908e9c, #928fa2, #92909e
https://i.redd.it/cwljeujku33z.jpg, #e9e6df, #e9e4de, #e4e1dc
https://i.redd.it/fsuv32a1cc9y.jpg, #ffffff, #fefefe, #fdfdfd
https://i.redd.it/ihczg3pmle3z.jpg, #a4ad9c, #afb8a7, #b0b9a8
https://i.redd.it/cpkq97klre4z.jpg, #777868, #767767, #787969
http://i.imgur.com/RycdbMO.jpg, #ffffff, #faffff, #fbffff
https://i.redd.it/ftd3sx5ah13z.jpg, #b54b31, #b44b2d, #ffffff
https://i.redd.it/7ofdqmp53bzy.jpg, #93886c, #988d71, #968b6f
http://i.imgur.com/6pnYQUv.jpg, #1a1b1f, #191a1e, #18191d
https://i.redd.it/n9jq5j2tatcy.jpg, #f3ffff, #f4ffff, #f5ffff
https://i.redd.it/sn7ufk9fsv4z.jpg, #cbd0d6, #ccd1d7, #cacfd5
https://i.imgur.com/HRgRMOw.jpg, #a4a3a8, #a3a2a7, #408a59
http://i.imgur.com/pt9rmrv.jpg, #ffffff, #fcebdb, #fbeada
http://i.imgur.com/qvnjbVw.jpg, #a9acb5, #a8abb4, #abaeb7
https://i.redd.it/nrafqoujmety.jpg, #232124, #242225, #222023
https://i.redd.it/rubsfuf64lvy.jpg, #bab3a1, #bbb4a2, #bcb5a3
https://i.redd.it/c5pk0vnpg3ty.jpg, #6e81cd, #6e81ce, #ffffff
https://i.redd.it/ru12lvaf7jyy.jpg, #9d9996, #9c9895, #9e9a97
https://i.redd.it/0qow2dksb34z.jpg, #ffffff, #93cbed, #736756
https://i.redd.it/ax4eueu0szpy.jpg, #bcbac7, #22273a, #bbb9c7
https://i.redd.it/tb5pckm6e72y.jpg, #b8b6aa, #a1a29d, #b7b5a9
https://i.redd.it/guul6eld2soy.jpg, #827b69, #878473, #7a7362
http://i.imgur.com/TKLs9lo.jpg, #ffffff, #fefefe, #f6f6f6
https://i.redd.it/fyqzavufvjwy.jpg, #dcb083, #fefefe, #ffffff
http://i.imgur.com/FApqk3D.jpg, #ffffff, #000000, #f3c300
https://i.redd.it/m4cfqp8wfv5z.jpg, #d1d1d1, #d0d0d0, #dadadc
http://i.imgur.com/Gh2I3pq.jpg, #beab9c, #bdaa9b, #bba899
https://i.redd.it/4m5yk8gjrtzy.jpg, #010101, #020001, #000000
http://i.imgur.com/lcEUZHv.jpg, #ffffff, #c6bbbf, #444a5a
https://i.redd.it/d8021b5i2moy.jpg, #ffffff, #020305, #000000
https://i.redd.it/1nlgrn49x7ry.jpg, #bfbfbf, #cbcbcb, #14100d
https://i.redd.it/xae65ypfqycy.jpg, #f4f4f4, #c83a2e, #c83b2f
https://i.redd.it/s5viyluv421z.jpg, #79512e, #7b5330, #7a522f
http://i.imgur.com/M3NOzLC.jpg, #ffffff, #93907d, #928f7c
http://i.imgur.com/enhDnTM.jpg, #ffffff, #fefefe, #fdfdfd
https://i.redd.it/w5q6gldnvcuy.jpg, #f3f3f3, #f2f2f2, #101938
https://i.redd.it/h5t3qddvvzry.jpg, #0e0e0e, #0d0d0d, #020202
http://i.imgur.com/sXhEQez.jpg, #ffffff, #000000, #fdfdfd
https://i.redd.it/cwljeujku33z.jpg, #e9e6df, #e9e4de, #e4e1dc
http://i.imgur.com/tyDhTll.jpg, #070705, #050503, #040603
http://i.imgur.com/puEqa4C.jpg, #908e9c, #928fa2, #92909e
https://i.redd.it/fsuv32a1cc9y.jpg, #ffffff, #fefefe, #fdfdfd
https://i.redd.it/ihczg3pmle3z.jpg, #a4ad9c, #afb8a7, #b0b9a8
https://i.redd.it/7ofdqmp53bzy.jpg, #93886c, #988d71, #968b6f
https://i.redd.it/cpkq97klre4z.jpg, #777868, #767767, #787969
http://i.imgur.com/RycdbMO.jpg, #ffffff, #faffff, #fbffff
https://i.redd.it/n9jq5j2tatcy.jpg, #f3ffff, #f4ffff, #f5ffff
http://i.imgur.com/6pnYQUv.jpg, #1a1b1f, #191a1e, #18191d
https://i.redd.it/lsuw4p2ncyny.jpg, #ffffff, #a67742, #9e9e9c
http://i.imgur.com/pt9rmrv.jpg, #ffffff, #fcebdb, #fbeada
https://i.redd.it/ftd3sx5ah13z.jpg, #b54b31, #b44b2d, #ffffff
https://i.redd.it/0qow2dksb34z.jpg, #ffffff, #93cbed, #736756
https://i.redd.it/rubsfuf64lvy.jpg, #bab3a1, #bbb4a2, #bcb5a3
https://i.redd.it/nrafqoujmety.jpg, #232124, #242225, #222023
http://i.imgur.com/qvnjbVw.jpg, #a9acb5, #a8abb4, #abaeb7
https://i.redd.it/c5pk0vnpg3ty.jpg, #6e81cd, #6e81ce, #ffffff
https://i.redd.it/ru12lvaf7jyy.jpg, #9d9996, #9c9895, #9e9a97
https://i.imgur.com/HRgRMOw.jpg, #a4a3a8, #a3a2a7, #408a59
https://i.redd.it/ax4eueu0szpy.jpg, #bcbac7, #22273a, #bbb9c7
https://i.redd.it/sn7ufk9fsv4z.jpg, #cbd0d6, #ccd1d7, #cacfd5
http://i.imgur.com/TKLs9lo.jpg, #ffffff, #fefefe, #f6f6f6
http://i.imgur.com/Gh2I3pq.jpg, #beab9c, #bdaa9b, #bba899
https://i.redd.it/tb5pckm6e72y.jpg, #b8b6aa, #a1a29d, #b7b5a9
https://i.redd.it/fyqzavufvjwy.jpg, #dcb083, #fefefe, #ffffff
http://i.imgur.com/FApqk3D.jpg, #ffffff, #000000, #f3c300
https://i.redd.it/guul6eld2soy.jpg, #827b69, #878473, #7a7362
https://i.redd.it/m4cfqp8wfv5z.jpg, #d1d1d1, #d0d0d0, #dadadc
https://i.redd.it/4m5yk8gjrtzy.jpg, #010101, #020001, #000000
https://i.redd.it/1nlgrn49x7ry.jpg, #bfbfbf, #cbcbcb, #14100d
https://i.redd.it/xae65ypfqycy.jpg, #f4f4f4, #c83a2e, #c83b2f
http://i.imgur.com/M3NOzLC.jpg, #ffffff, #93907d, #928f7c
http://i.imgur.com/lcEUZHv.jpg, #ffffff, #c6bbbf, #444a5a
https://i.redd.it/s5viyluv421z.jpg, #79512e, #7b5330, #7a522f
http://i.imgur.com/enhDnTM.jpg, #ffffff, #fefefe, #fdfdfd
https://i.redd.it/lsuw4p2ncyny.jpg, #ffffff, #a67742, #9e9e9c
https://i.redd.it/d8021b5i2moy.jpg, #ffffff, #020305, #000000
https://i.redd.it/w5q6gldnvcuy.jpg, #f3f3f3, #f2f2f2, #101938
http://i.imgur.com/sXhEQez.jpg, #ffffff, #000000, #fdfdfd
https://i.redd.it/h5t3qddvvzry.jpg, #0e0e0e, #0d0d0d, #020202
http://i.imgur.com/tyDhTll.jpg, #070705, #050503, #040603
http://i.imgur.com/puEqa4C.jpg, #908e9c, #928fa2, #92909e
https://i.redd.it/fsuv32a1cc9y.jpg, #ffffff, #fefefe, #fdfdfd
https://i.redd.it/ihczg3pmle3z.jpg, #a4ad9c, #afb8a7, #b0b9a8
https://i.redd.it/cwljeujku33z.jpg, #e9e6df, #e9e4de, #e4e1dc
http://i.imgur.com/RycdbMO.jpg, #ffffff, #faffff, #fbffff
https://i.redd.it/cpkq97klre4z.jpg, #777868, #767767, #787969
https://i.redd.it/7ofdqmp53bzy.jpg, #93886c, #988d71, #968b6f
http://i.imgur.com/6pnYQUv.jpg, #1a1b1f, #191a1e, #18191d
https://i.redd.it/n9jq5j2tatcy.jpg, #f3ffff, #f4ffff, #f5ffff
https://i.redd.it/0qow2dksb34z.jpg, #ffffff, #93cbed, #736756
https://i.redd.it/sn7ufk9fsv4z.jpg, #cbd0d6, #ccd1d7, #cacfd5
https://i.redd.it/ftd3sx5ah13z.jpg, #b54b31, #b44b2d, #ffffff
https://i.redd.it/rubsfuf64lvy.jpg, #bab3a1, #bbb4a2, #bcb5a3
https://i.redd.it/nrafqoujmety.jpg, #232124, #242225, #222023
https://i.imgur.com/HRgRMOw.jpg, #a4a3a8, #a3a2a7, #408a59
http://i.imgur.com/pt9rmrv.jpg, #ffffff, #fcebdb, #fbeada
https://i.redd.it/c5pk0vnpg3ty.jpg, #6e81cd, #6e81ce, #ffffff
https://i.redd.it/ru12lvaf7jyy.jpg, #9d9996, #9c9895, #9e9a97
http://i.imgur.com/qvnjbVw.jpg, #a9acb5, #a8abb4, #abaeb7
http://i.imgur.com/enhDnTM.jpg, #ffffff, #fefefe, #fdfdfd
https://i.redd.it/ax4eueu0szpy.jpg, #bcbac7, #22273a, #bbb9c7
https://i.redd.it/tb5pckm6e72y.jpg, #b8b6aa, #a1a29d, #b7b5a9
http://i.imgur.com/TKLs9lo.jpg, #ffffff, #fefefe, #f6f6f6
https://i.redd.it/guul6eld2soy.jpg, #827b69, #878473, #7a7362
https://i.redd.it/fyqzavufvjwy.jpg, #dcb083, #fefefe, #ffffff
http://i.imgur.com/FApqk3D.jpg, #ffffff, #000000, #f3c300
http://i.imgur.com/Gh2I3pq.jpg, #beab9c, #bdaa9b, #bba899
https://i.redd.it/4m5yk8gjrtzy.jpg, #010101, #020001, #000000
https://i.redd.it/xae65ypfqycy.jpg, #f4f4f4, #c83a2e, #c83b2f
https://i.redd.it/m4cfqp8wfv5z.jpg, #d1d1d1, #d0d0d0, #dadadc
https://i.redd.it/d8021b5i2moy.jpg, #ffffff, #020305, #000000
https://i.redd.it/1nlgrn49x7ry.jpg, #bfbfbf, #cbcbcb, #14100d
https://i.redd.it/s5viyluv421z.jpg, #79512e, #7b5330, #7a522f
http://i.imgur.com/lcEUZHv.jpg, #ffffff, #c6bbbf, #444a5a
http://i.imgur.com/M3NOzLC.jpg, #ffffff, #93907d, #928f7c
https://i.redd.it/h5t3qddvvzry.jpg, #0e0e0e, #0d0d0d, #020202
https://i.redd.it/w5q6gldnvcuy.jpg, #f3f3f3, #f2f2f2, #101938
https://i.redd.it/lsuw4p2ncyny.jpg, #ffffff, #a67742, #9e9e9c
http://i.imgur.com/sXhEQez.jpg, #ffffff, #000000, #fdfdfd
https://i.redd.it/fsuv32a1cc9y.jpg, #ffffff, #fefefe, #fdfdfd
http://i.imgur.com/tyDhTll.jpg, #070705, #050503, #040603
http://i.imgur.com/puEqa4C.jpg, #908e9c, #928fa2, #92909e
https://i.redd.it/cwljeujku33z.jpg, #e9e6df, #e9e4de, #e4e1dc
https://i.redd.it/ihczg3pmle3z.jpg, #a4ad9c, #afb8a7, #b0b9a8
https://i.redd.it/cpkq97klre4z.jpg, #777868, #767767, #787969
http://i.imgur.com/RycdbMO.jpg, #ffffff, #faffff, #fbffff
https://i.redd.it/n9jq5j2tatcy.jpg, #f3ffff, #f4ffff, #f5ffff
https://i.redd.it/7ofdqmp53bzy.jpg, #93886c, #988d71, #968b6f
http://i.imgur.com/6pnYQUv.jpg, #1a1b1f, #191a1e, #18191d
https://i.redd.it/ftd3sx5ah13z.jpg, #b54b31, #b44b2d, #ffffff
https://i.redd.it/0qow2dksb34z.jpg, #ffffff, #93cbed, #736756
https://i.redd.it/nrafqoujmety.jpg, #232124, #242225, #222023
https://i.redd.it/rubsfuf64lvy.jpg, #bab3a1, #bbb4a2, #bcb5a3
http://i.imgur.com/qvnjbVw.jpg, #a9acb5, #a8abb4, #abaeb7
https://i.imgur.com/HRgRMOw.jpg, #a4a3a8, #a3a2a7, #408a59
http://i.imgur.com/pt9rmrv.jpg, #ffffff, #fcebdb, #fbeada
https://i.redd.it/c5pk0vnpg3ty.jpg, #6e81cd, #6e81ce, #ffffff
https://i.redd.it/ru12lvaf7jyy.jpg, #9d9996, #9c9895, #9e9a97
https://i.redd.it/sn7ufk9fsv4z.jpg, #cbd0d6, #ccd1d7, #cacfd5
https://i.redd.it/ax4eueu0szpy.jpg, #bcbac7, #22273a, #bbb9c7
https://i.redd.it/fyqzavufvjwy.jpg, #dcb083, #fefefe, #ffffff
https://i.redd.it/tb5pckm6e72y.jpg, #b8b6aa, #a1a29d, #b7b5a9
http://i.imgur.com/enhDnTM.jpg, #ffffff, #fefefe, #fdfdfd
http://i.imgur.com/FApqk3D.jpg, #ffffff, #000000, #f3c300
http://i.imgur.com/TKLs9lo.jpg, #ffffff, #fefefe, #f6f6f6
https://i.redd.it/guul6eld2soy.jpg, #827b69, #878473, #7a7362
https://i.redd.it/m4cfqp8wfv5z.jpg, #d1d1d1, #d0d0d0, #dadadc
http://i.imgur.com/Gh2I3pq.jpg, #beab9c, #bdaa9b, #bba899
https://i.redd.it/4m5yk8gjrtzy.jpg, #010101, #020001, #000000
https://i.redd.it/1nlgrn49x7ry.jpg, #bfbfbf, #cbcbcb, #14100d
http://i.imgur.com/M3NOzLC.jpg, #ffffff, #93907d, #928f7c
http://i.imgur.com/lcEUZHv.jpg, #ffffff, #c6bbbf, #444a5a
https://i.redd.it/lsuw4p2ncyny.jpg, #ffffff, #a67742, #9e9e9c
https://i.redd.it/xae65ypfqycy.jpg, #f4f4f4, #c83a2e, #c83b2f
https://i.redd.it/s5viyluv421z.jpg, #79512e, #7b5330, #7a522f
https://i.redd.it/w5q6gldnvcuy.jpg, #f3f3f3, #f2f2f2, #101938
https://i.redd.it/d8021b5i2moy.jpg, #ffffff, #020305, #000000
https://i.redd.it/h5t3qddvvzry.jpg, #0e0e0e, #0d0d0d, #020202
http://i.imgur.com/tyDhTll.jpg, #070705, #050503, #040603
https://i.redd.it/fsuv32a1cc9y.jpg, #ffffff, #fefefe, #fdfdfd
http://i.imgur.com/sXhEQez.jpg, #ffffff, #000000, #fdfdfd
https://i.redd.it/cwljeujku33z.jpg, #e9e6df, #e9e4de, #e4e1dc
http://i.imgur.com/puEqa4C.jpg, #908e9c, #928fa2, #92909e
https://i.redd.it/ihczg3pmle3z.jpg, #a4ad9c, #afb8a7, #b0b9a8
http://i.imgur.com/RycdbMO.jpg, #ffffff, #faffff, #fbffff
https://i.redd.it/7ofdqmp53bzy.jpg, #93886c, #988d71, #968b6f
https://i.redd.it/cpkq97klre4z.jpg, #777868, #767767, #787969
https://i.redd.it/n9jq5j2tatcy.jpg, #f3ffff, #f4ffff, #f5ffff
https://i.redd.it/ftd3sx5ah13z.jpg, #b54b31, #b44b2d, #ffffff
http://i.imgur.com/6pnYQUv.jpg, #1a1b1f, #191a1e, #18191d
https://i.redd.it/sn7ufk9fsv4z.jpg, #cbd0d6, #ccd1d7, #cacfd5
https://i.redd.it/c5pk0vnpg3ty.jpg, #6e81cd, #6e81ce, #ffffff
https://i.redd.it/rubsfuf64lvy.jpg, #bab3a1, #bbb4a2, #bcb5a3
https://i.redd.it/0qow2dksb34z.jpg, #ffffff, #93cbed, #736756
https://i.redd.it/nrafqoujmety.jpg, #232124, #242225, #222023
http://i.imgur.com/pt9rmrv.jpg, #ffffff, #fcebdb, #fbeada
http://i.imgur.com/qvnjbVw.jpg, #a9acb5, #a8abb4, #abaeb7
https://i.imgur.com/HRgRMOw.jpg, #a4a3a8, #a3a2a7, #408a59
https://i.redd.it/ru12lvaf7jyy.jpg, #9d9996, #9c9895, #9e9a97
https://i.redd.it/ax4eueu0szpy.jpg, #bcbac7, #22273a, #bbb9c7
https://i.redd.it/tb5pckm6e72y.jpg, #b8b6aa, #a1a29d, #b7b5a9
https://i.redd.it/fyqzavufvjwy.jpg, #dcb083, #fefefe, #ffffff
http://i.imgur.com/TKLs9lo.jpg, #ffffff, #fefefe, #f6f6f6
http://i.imgur.com/FApqk3D.jpg, #ffffff, #000000, #f3c300
https://i.redd.it/guul6eld2soy.jpg, #827b69, #878473, #7a7362
http://i.imgur.com/enhDnTM.jpg, #ffffff, #fefefe, #fdfdfd
http://i.imgur.com/Gh2I3pq.jpg, #beab9c, #bdaa9b, #bba899
https://i.redd.it/m4cfqp8wfv5z.jpg, #d1d1d1, #d0d0d0, #dadadc
https://i.redd.it/4m5yk8gjrtzy.jpg, #010101, #020001, #000000
http://i.imgur.com/lcEUZHv.jpg, #ffffff, #c6bbbf, #444a5a
https://i.redd.it/1nlgrn49x7ry.jpg, #bfbfbf, #cbcbcb, #14100d
https://i.redd.it/xae65ypfqycy.jpg, #f4f4f4, #c83a2e, #c83b2f
https://i.redd.it/s5viyluv421z.jpg, #79512e, #7b5330, #7a522f
https://i.redd.it/lsuw4p2ncyny.jpg, #ffffff, #a67742, #9e9e9c
https://i.redd.it/d8021b5i2moy.jpg, #ffffff, #020305, #000000
https://i.redd.it/w5q6gldnvcuy.jpg, #f3f3f3, #f2f2f2, #101938
https://i.redd.it/h5t3qddvvzry.jpg, #0e0e0e, #0d0d0d, #020202
http://i.imgur.com/M3NOzLC.jpg, #ffffff, #93907d, #928f7c
http://i.imgur.com/sXhEQez.jpg, #ffffff, #000000, #fdfdfd
http://i.imgur.com/puEqa4C.jpg, #908e9c, #928fa2, #92909e
http://i.imgur.com/tyDhTll.jpg, #070705, #050503, #040603
https://i.redd.it/cwljeujku33z.jpg, #e9e6df, #e9e4de, #e4e1dc
https://i.redd.it/fsuv32a1cc9y.jpg, #ffffff, #fefefe, #fdfdfd
https://i.redd.it/ihczg3pmle3z.jpg, #a4ad9c, #afb8a7, #b0b9a8
https://i.redd.it/cpkq97klre4z.jpg, #777868, #767767, #787969
https://i.redd.it/7ofdqmp53bzy.jpg, #93886c, #988d71, #968b6f
http://i.imgur.com/RycdbMO.jpg, #ffffff, #faffff, #fbffff
https://i.redd.it/ftd3sx5ah13z.jpg, #b54b31, #b44b2d, #ffffff
http://i.imgur.com/6pnYQUv.jpg, #1a1b1f, #191a1e, #18191d
https://i.redd.it/n9jq5j2tatcy.jpg, #f3ffff, #f4ffff, #f5ffff
https://i.redd.it/sn7ufk9fsv4z.jpg, #cbd0d6, #ccd1d7, #cacfd5
http://i.imgur.com/pt9rmrv.jpg, #ffffff, #fcebdb, #fbeada
https://i.redd.it/c5pk0vnpg3ty.jpg, #6e81cd, #6e81ce, #ffffff
https://i.redd.it/nrafqoujmety.jpg, #232124, #242225, #222023
https://i.redd.it/rubsfuf64lvy.jpg, #bab3a1, #bbb4a2, #bcb5a3
https://i.redd.it/ru12lvaf7jyy.jpg, #9d9996, #9c9895, #9e9a97
http://i.imgur.com/qvnjbVw.jpg, #a9acb5, #a8abb4, #abaeb7
https://i.redd.it/0qow2dksb34z.jpg, #ffffff, #93cbed, #736756
https://i.imgur.com/HRgRMOw.jpg, #a4a3a8, #a3a2a7, #408a59
https://i.redd.it/ax4eueu0szpy.jpg, #bcbac7, #22273a, #bbb9c7
https://i.redd.it/tb5pckm6e72y.jpg, #b8b6aa, #a1a29d, #b7b5a9
http://i.imgur.com/Gh2I3pq.jpg, #beab9c, #bdaa9b, #bba899
http://i.imgur.com/TKLs9lo.jpg, #ffffff, #fefefe, #f6f6f6
http://i.imgur.com/enhDnTM.jpg, #ffffff, #fefefe, #fdfdfd
https://i.redd.it/fyqzavufvjwy.jpg, #dcb083, #fefefe, #ffffff
https://i.redd.it/guul6eld2soy.jpg, #827b69, #878473, #7a7362
http://i.imgur.com/FApqk3D.jpg, #ffffff, #000000, #f3c300
https://i.redd.it/4m5yk8gjrtzy.jpg, #010101, #020001, #000000
https://i.redd.it/1nlgrn49x7ry.jpg, #bfbfbf, #cbcbcb, #14100d
http://i.imgur.com/lcEUZHv.jpg, #ffffff, #c6bbbf, #444a5a
https://i.redd.it/xae65ypfqycy.jpg, #f4f4f4, #c83a2e, #c83b2f
https://i.redd.it/m4cfqp8wfv5z.jpg, #d1d1d1, #d0d0d0, #dadadc
http://i.imgur.com/M3NOzLC.jpg, #ffffff, #93907d, #928f7c
https://i.redd.it/s5viyluv421z.jpg, #79512e, #7b5330, #7a522f
https://i.redd.it/w5q6gldnvcuy.jpg, #f3f3f3, #f2f2f2, #101938
https://i.redd.it/d8021b5i2moy.jpg, #ffffff, #020305, #000000
https://i.redd.it/lsuw4p2ncyny.jpg, #ffffff, #a67742, #9e9e9c
https://i.redd.it/h5t3qddvvzry.jpg, #0e0e0e, #0d0d0d, #020202
http://i.imgur.com/sXhEQez.jpg, #ffffff, #000000, #fdfdfd
https://i.redd.it/fsuv32a1cc9y.jpg, #ffffff, #fefefe, #fdfdfd
http://i.imgur.com/puEqa4C.jpg, #908e9c, #928fa2, #92909e
http://i.imgur.com/tyDhTll.jpg, #070705, #050503, #040603
https://i.redd.it/cwljeujku33z.jpg, #e9e6df, #e9e4de, #e4e1dc
https://i.redd.it/ihczg3pmle3z.jpg, #a4ad9c, #afb8a7, #b0b9a8
http://i.imgur.com/RycdbMO.jpg, #ffffff, #faffff, #fbffff
https://i.redd.it/cpkq97klre4z.jpg, #777868, #767767, #787969
https://i.redd.it/7ofdqmp53bzy.jpg, #93886c, #988d71, #968b6f
https://i.redd.it/n9jq5j2tatcy.jpg, #f3ffff, #f4ffff, #f5ffff
http://i.imgur.com/6pnYQUv.jpg, #1a1b1f, #191a1e, #18191d
http://i.imgur.com/enhDnTM.jpg, #ffffff, #fefefe, #fdfdfd
http://i.imgur.com/pt9rmrv.jpg, #ffffff, #fcebdb, #fbeada
https://i.redd.it/ftd3sx5ah13z.jpg, #b54b31, #b44b2d, #ffffff
https://i.redd.it/0qow2dksb34z.jpg, #ffffff, #93cbed, #736756
http://i.imgur.com/qvnjbVw.jpg, #a9acb5, #a8abb4, #abaeb7
https://i.redd.it/rubsfuf64lvy.jpg, #bab3a1, #bbb4a2, #bcb5a3
https://i.redd.it/nrafqoujmety.jpg, #232124, #242225, #222023
https://i.imgur.com/HRgRMOw.jpg, #a4a3a8, #a3a2a7, #408a59
https://i.redd.it/c5pk0vnpg3ty.jpg, #6e81cd, #6e81ce, #ffffff
https://i.redd.it/ax4eueu0szpy.jpg, #bcbac7, #22273a, #bbb9c7
https://i.redd.it/ru12lvaf7jyy.jpg, #9d9996, #9c9895, #9e9a97
https://i.redd.it/guul6eld2soy.jpg, #827b69, #878473, #7a7362
http://i.imgur.com/TKLs9lo.jpg, #ffffff, #fefefe, #f6f6f6
https://i.redd.it/tb5pckm6e72y.jpg, #b8b6aa, #a1a29d, #b7b5a9
https://i.redd.it/fyqzavufvjwy.jpg, #dcb083, #fefefe, #ffffff
https://i.redd.it/sn7ufk9fsv4z.jpg, #cbd0d6, #ccd1d7, #cacfd5
http://i.imgur.com/FApqk3D.jpg, #ffffff, #000000, #f3c300
https://i.redd.it/4m5yk8gjrtzy.jpg, #010101, #020001, #000000
https://i.redd.it/m4cfqp8wfv5z.jpg, #d1d1d1, #d0d0d0, #dadadc
http://i.imgur.com/Gh2I3pq.jpg, #beab9c, #bdaa9b, #bba899
http://i.imgur.com/lcEUZHv.jpg, #ffffff, #c6bbbf, #444a5a
https://i.redd.it/xae65ypfqycy.jpg, #f4f4f4, #c83a2e, #c83b2f
https://i.redd.it/1nlgrn49x7ry.jpg, #bfbfbf, #cbcbcb, #14100d
http://i.imgur.com/M3NOzLC.jpg, #ffffff, #93907d, #928f7c
https://i.redd.it/d8021b5i2moy.jpg, #ffffff, #020305, #000000
https://i.redd.it/h5t3qddvvzry.jpg, #0e0e0e, #0d0d0d, #020202
https://i.redd.it/s5viyluv421z.jpg, #79512e, #7b5330, #7a522f
https://i.redd.it/lsuw4p2ncyny.jpg, #ffffff, #a67742, #9e9e9c
http://i.imgur.com/sXhEQez.jpg, #ffffff, #000000, #fdfdfd
https://i.redd.it/w5q6gldnvcuy.jpg, #f3f3f3, #f2f2f2, #101938
http://i.imgur.com/tyDhTll.jpg, #070705, #050503, #040603
https://i.redd.it/cwljeujku33z.jpg, #e9e6df, #e9e4de, #e4e1dc
https://i.redd.it/fsuv32a1cc9y.jpg, #ffffff, #fefefe, #fdfdfd
http://i.imgur.com/puEqa4C.jpg, #908e9c, #928fa2, #92909e
https://i.redd.it/ihczg3pmle3z.jpg, #a4ad9c, #afb8a7, #b0b9a8
https://i.redd.it/cpkq97klre4z.jpg, #777868, #767767, #787969
http://i.imgur.com/RycdbMO.jpg, #ffffff, #faffff, #fbffff
https://i.redd.it/7ofdqmp53bzy.jpg, #93886c, #988d71, #968b6f
http://i.imgur.com/6pnYQUv.jpg, #1a1b1f, #191a1e, #18191d
https://i.redd.it/n9jq5j2tatcy.jpg, #f3ffff, #f4ffff, #f5ffff
https://i.redd.it/ftd3sx5ah13z.jpg, #b54b31, #b44b2d, #ffffff
https://i.redd.it/0qow2dksb34z.jpg, #ffffff, #93cbed, #736756
https://i.redd.it/sn7ufk9fsv4z.jpg, #cbd0d6, #ccd1d7, #cacfd5
http://i.imgur.com/enhDnTM.jpg, #ffffff, #fefefe, #fdfdfd
http://i.imgur.com/qvnjbVw.jpg, #a9acb5, #a8abb4, #abaeb7
https://i.redd.it/c5pk0vnpg3ty.jpg, #6e81cd, #6e81ce, #ffffff
https://i.redd.it/nrafqoujmety.jpg, #232124, #242225, #222023
https://i.redd.it/rubsfuf64lvy.jpg, #bab3a1, #bbb4a2, #bcb5a3
https://i.redd.it/ru12lvaf7jyy.jpg, #9d9996, #9c9895, #9e9a97
https://i.imgur.com/HRgRMOw.jpg, #a4a3a8, #a3a2a7, #408a59
http://i.imgur.com/pt9rmrv.jpg, #ffffff, #fcebdb, #fbeada
http://i.imgur.com/TKLs9lo.jpg, #ffffff, #fefefe, #f6f6f6
https://i.redd.it/tb5pckm6e72y.jpg, #b8b6aa, #a1a29d, #b7b5a9
https://i.redd.it/ax4eueu0szpy.jpg, #bcbac7, #22273a, #bbb9c7
https://i.redd.it/fyqzavufvjwy.jpg, #dcb083, #fefefe, #ffffff
http://i.imgur.com/FApqk3D.jpg, #ffffff, #000000, #f3c300
https://i.redd.it/guul6eld2soy.jpg, #827b69, #878473, #7a7362
https://i.redd.it/m4cfqp8wfv5z.jpg, #d1d1d1, #d0d0d0, #dadadc
http://i.imgur.com/Gh2I3pq.jpg, #beab9c, #bdaa9b, #bba899
https://i.redd.it/4m5yk8gjrtzy.jpg, #010101, #020001, #000000
https://i.redd.it/xae65ypfqycy.jpg, #f4f4f4, #c83a2e, #c83b2f
https://i.redd.it/1nlgrn49x7ry.jpg, #bfbfbf, #cbcbcb, #14100d
http://i.imgur.com/lcEUZHv.jpg, #ffffff, #c6bbbf, #444a5a
https://i.redd.it/lsuw4p2ncyny.jpg, #ffffff, #a67742, #9e9e9c
http://i.imgur.com/M3NOzLC.jpg, #ffffff, #93907d, #928f7c
https://i.redd.it/s5viyluv421z.jpg, #79512e, #7b5330, #7a522f
https://i.redd.it/d8021b5i2moy.jpg, #ffffff, #020305, #000000
https://i.redd.it/w5q6gldnvcuy.jpg, #f3f3f3, #f2f2f2, #101938
https://i.redd.it/h5t3qddvvzry.jpg, #0e0e0e, #0d0d0d, #020202
http://i.imgur.com/sXhEQez.jpg, #ffffff, #000000, #fdfdfd
http://i.imgur.com/puEqa4C.jpg, #908e9c, #928fa2, #92909e
http://i.imgur.com/tyDhTll.jpg, #070705, #050503, #040603
https://i.redd.it/fsuv32a1cc9y.jpg, #ffffff, #fefefe, #fdfdfd
https://i.redd.it/ihczg3pmle3z.jpg, #a4ad9c, #afb8a7, #b0b9a8
http://i.imgur.com/RycdbMO.jpg, #ffffff, #faffff, #fbffff
https://i.redd.it/cpkq97klre4z.jpg, #777868, #767767, #787969
https://i.redd.it/cwljeujku33z.jpg, #e9e6df, #e9e4de, #e4e1dc
https://i.redd.it/7ofdqmp53bzy.jpg, #93886c, #988d71, #968b6f
https://i.redd.it/n9jq5j2tatcy.jpg, #f3ffff, #f4ffff, #f5ffff
http://i.imgur.com/6pnYQUv.jpg, #1a1b1f, #191a1e, #18191d
https://i.redd.it/sn7ufk9fsv4z.jpg, #cbd0d6, #ccd1d7, #cacfd5
http://i.imgur.com/pt9rmrv.jpg, #ffffff, #fcebdb, #fbeada
http://i.imgur.com/qvnjbVw.jpg, #a9acb5, #a8abb4, #abaeb7
https://i.redd.it/nrafqoujmety.jpg, #232124, #242225, #222023
https://i.redd.it/c5pk0vnpg3ty.jpg, #6e81cd, #6e81ce, #ffffff
https://i.redd.it/0qow2dksb34z.jpg, #ffffff, #93cbed, #736756
https://i.redd.it/rubsfuf64lvy.jpg, #bab3a1, #bbb4a2, #bcb5a3
https://i.redd.it/ru12lvaf7jyy.jpg, #9d9996, #9c9895, #9e9a97
https://i.imgur.com/HRgRMOw.jpg, #a4a3a8, #a3a2a7, #408a59
https://i.redd.it/ax4eueu0szpy.jpg, #bcbac7, #22273a, #bbb9c7
https://i.redd.it/ftd3sx5ah13z.jpg, #b54b31, #b44b2d, #ffffff
https://i.redd.it/tb5pckm6e72y.jpg, #b8b6aa, #a1a29d, #b7b5a9
https://i.redd.it/fyqzavufvjwy.jpg, #dcb083, #fefefe, #ffffff
http://i.imgur.com/TKLs9lo.jpg, #ffffff, #fefefe, #f6f6f6
http://i.imgur.com/FApqk3D.jpg, #ffffff, #000000, #f3c300
https://i.redd.it/guul6eld2soy.jpg, #827b69, #878473, #7a7362
https://i.redd.it/4m5yk8gjrtzy.jpg, #010101, #020001, #000000
https://i.redd.it/m4cfqp8wfv5z.jpg, #d1d1d1, #d0d0d0, #dadadc
http://i.imgur.com/Gh2I3pq.jpg, #beab9c, #bdaa9b, #bba899
https://i.redd.it/1nlgrn49x7ry.jpg, #bfbfbf, #cbcbcb, #14100d
http://i.imgur.com/lcEUZHv.jpg, #ffffff, #c6bbbf, #444a5a
https://i.redd.it/d8021b5i2moy.jpg, #ffffff, #020305, #000000
https://i.redd.it/xae65ypfqycy.jpg, #f4f4f4, #c83a2e, #c83b2f
http://i.imgur.com/M3NOzLC.jpg, #ffffff, #93907d, #928f7c
http://i.imgur.com/sXhEQez.jpg, #ffffff, #000000, #fdfdfd
https://i.redd.it/lsuw4p2ncyny.jpg, #ffffff, #a67742, #9e9e9c
https://i.redd.it/s5viyluv421z.jpg, #79512e, #7b5330, #7a522f
https://i.redd.it/w5q6gldnvcuy.jpg, #f3f3f3, #f2f2f2, #101938
https://i.redd.it/h5t3qddvvzry.jpg, #0e0e0e, #0d0d0d, #020202
https://i.redd.it/cwljeujku33z.jpg, #e9e6df, #e9e4de, #e4e1dc
http://i.imgur.com/enhDnTM.jpg, #ffffff, #fefefe, #fdfdfd
http://i.imgur.com/tyDhTll.jpg, #070705, #050503, #040603
http://i.imgur.com/puEqa4C.jpg, #908e9c, #928fa2, #92909e
https://i.redd.it/fsuv32a1cc9y.jpg, #ffffff, #fefefe, #fdfdfd
https://i.redd.it/ihczg3pmle3z.jpg, #a4ad9c, #afb8a7, #b0b9a8
https://i.redd.it/7ofdqmp53bzy.jpg, #93886c, #988d71, #968b6f
https://i.redd.it/cpkq97klre4z.jpg, #777868, #767767, #787969
http://i.imgur.com/RycdbMO.jpg, #ffffff, #faffff, #fbffff
https://i.redd.it/n9jq5j2tatcy.jpg, #f3ffff, #f4ffff, #f5ffff
http://i.imgur.com/6pnYQUv.jpg, #1a1b1f, #191a1e, #18191d
https://i.redd.it/0qow2dksb34z.jpg, #ffffff, #93cbed, #736756
https://i.redd.it/ftd3sx5ah13z.jpg, #b54b31, #b44b2d, #ffffff
https://i.redd.it/nrafqoujmety.jpg, #232124, #242225, #222023
http://i.imgur.com/qvnjbVw.jpg, #a9acb5, #a8abb4, #abaeb7
https://i.redd.it/c5pk0vnpg3ty.jpg, #6e81cd, #6e81ce, #ffffff
https://i.redd.it/ru12lvaf7jyy.jpg, #9d9996, #9c9895, #9e9a97
http://i.imgur.com/pt9rmrv.jpg, #ffffff, #fcebdb, #fbeada
https://i.imgur.com/HRgRMOw.jpg, #a4a3a8, #a3a2a7, #408a59
https://i.redd.it/ax4eueu0szpy.jpg, #bcbac7, #22273a, #bbb9c7
https://i.redd.it/sn7ufk9fsv4z.jpg, #cbd0d6, #ccd1d7, #cacfd5
https://i.redd.it/tb5pckm6e72y.jpg, #b8b6aa, #a1a29d, #b7b5a9
https://i.redd.it/guul6eld2soy.jpg, #827b69, #878473, #7a7362
http://i.imgur.com/TKLs9lo.jpg, #ffffff, #fefefe, #f6f6f6
http://i.imgur.com/FApqk3D.jpg, #ffffff, #000000, #f3c300
https://i.redd.it/rubsfuf64lvy.jpg, #bab3a1, #bbb4a2, #bcb5a3
https://i.redd.it/fyqzavufvjwy.jpg, #dcb083, #fefefe, #ffffff
https://i.redd.it/m4cfqp8wfv5z.jpg, #d1d1d1, #d0d0d0, #dadadc
http://i.imgur.com/Gh2I3pq.jpg, #beab9c, #bdaa9b, #bba899
https://i.redd.it/4m5yk8gjrtzy.jpg, #010101, #020001, #000000
https://i.redd.it/lsuw4p2ncyny.jpg, #ffffff, #a67742, #9e9e9c
http://i.imgur.com/lcEUZHv.jpg, #ffffff, #c6bbbf, #444a5a
https://i.redd.it/1nlgrn49x7ry.jpg, #bfbfbf, #cbcbcb, #14100d
http://i.imgur.com/M3NOzLC.jpg, #ffffff, #93907d, #928f7c
http://i.imgur.com/enhDnTM.jpg, #ffffff, #fefefe, #fdfdfd
https://i.redd.it/w5q6gldnvcuy.jpg, #f3f3f3, #f2f2f2, #101938
https://i.redd.it/xae65ypfqycy.jpg, #f4f4f4, #c83a2e, #c83b2f
https://i.redd.it/h5t3qddvvzry.jpg, #0e0e0e, #0d0d0d, #020202
http://i.imgur.com/sXhEQez.jpg, #ffffff, #000000, #fdfdfd
https://i.redd.it/s5viyluv421z.jpg, #79512e, #7b5330, #7a522f
http://i.imgur.com/tyDhTll.jpg, #070705, #050503, #040603
https://i.redd.it/d8021b5i2moy.jpg, #ffffff, #020305, #000000
https://i.redd.it/cwljeujku33z.jpg, #e9e6df, #e9e4de, #e4e1dc
https://i.redd.it/fsuv32a1cc9y.jpg, #ffffff, #fefefe, #fdfdfd
http://i.imgur.com/puEqa4C.jpg, #908e9c, #928fa2, #92909e
https://i.redd.it/ihczg3pmle3z.jpg, #a4ad9c, #afb8a7, #b0b9a8
http://i.imgur.com/RycdbMO.jpg, #ffffff, #faffff, #fbffff
https://i.redd.it/7ofdqmp53bzy.jpg, #93886c, #988d71, #968b6f
https://i.redd.it/cpkq97klre4z.jpg, #777868, #767767, #787969
https://i.redd.it/n9jq5j2tatcy.jpg, #f3ffff, #f4ffff, #f5ffff
https://i.redd.it/0qow2dksb34z.jpg, #ffffff, #93cbed, #736756
http://i.imgur.com/6pnYQUv.jpg, #1a1b1f, #191a1e, #18191d
https://i.redd.it/ftd3sx5ah13z.jpg, #b54b31, #b44b2d, #ffffff
http://i.imgur.com/pt9rmrv.jpg, #ffffff, #fcebdb, #fbeada
https://i.redd.it/nrafqoujmety.jpg, #232124, #242225, #222023
https://i.redd.it/rubsfuf64lvy.jpg, #bab3a1, #bbb4a2, #bcb5a3
https://i.redd.it/c5pk0vnpg3ty.jpg, #6e81cd, #6e81ce, #ffffff
http://i.imgur.com/qvnjbVw.jpg, #a9acb5, #a8abb4, #abaeb7
https://i.redd.it/ru12lvaf7jyy.jpg, #9d9996, #9c9895, #9e9a97
https://i.imgur.com/HRgRMOw.jpg, #a4a3a8, #a3a2a7, #408a59
https://i.redd.it/ax4eueu0szpy.jpg, #bcbac7, #22273a, #bbb9c7
https://i.redd.it/sn7ufk9fsv4z.jpg, #cbd0d6, #ccd1d7, #cacfd5
https://i.redd.it/guul6eld2soy.jpg, #827b69, #878473, #7a7362
https://i.redd.it/tb5pckm6e72y.jpg, #b8b6aa, #a1a29d, #b7b5a9
http://i.imgur.com/TKLs9lo.jpg, #ffffff, #fefefe, #f6f6f6
https://i.redd.it/fyqzavufvjwy.jpg, #dcb083, #fefefe, #ffffff
http://i.imgur.com/Gh2I3pq.jpg, #beab9c, #bdaa9b, #bba899
http://i.imgur.com/FApqk3D.jpg, #ffffff, #000000, #f3c300
http://i.imgur.com/enhDnTM.jpg, #ffffff, #fefefe, #fdfdfd
https://i.redd.it/m4cfqp8wfv5z.jpg, #d1d1d1, #d0d0d0, #dadadc
https://i.redd.it/4m5yk8gjrtzy.jpg, #010101, #020001, #000000
https://i.redd.it/1nlgrn49x7ry.jpg, #bfbfbf, #cbcbcb, #14100d
https://i.redd.it/xae65ypfqycy.jpg, #f4f4f4, #c83a2e, #c83b2f
http://i.imgur.com/lcEUZHv.jpg, #ffffff, #c6bbbf, #444a5a
https://i.redd.it/d8021b5i2moy.jpg, #ffffff, #020305, #000000
http://i.imgur.com/M3NOzLC.jpg, #ffffff, #93907d, #928f7c
https://i.redd.it/lsuw4p2ncyny.jpg, #ffffff, #a67742, #9e9e9c
http://i.imgur.com/sXhEQez.jpg, #ffffff, #000000, #fdfdfd
https://i.redd.it/h5t3qddvvzry.jpg, #0e0e0e, #0d0d0d, #020202
https://i.redd.it/s5viyluv421z.jpg, #79512e, #7b5330, #7a522f
https://i.redd.it/w5q6gldnvcuy.jpg, #f3f3f3, #f2f2f2, #101938
https://i.redd.it/fsuv32a1cc9y.jpg, #ffffff, #fefefe, #fdfdfd
https://i.redd.it/cwljeujku33z.jpg, #e9e6df, #e9e4de, #e4e1dc
http://i.imgur.com/puEqa4C.jpg, #908e9c, #928fa2, #92909e
http://i.imgur.com/tyDhTll.jpg, #070705, #050503, #040603
https://i.redd.it/ihczg3pmle3z.jpg, #a4ad9c, #afb8a7, #b0b9a8
http://i.imgur.com/RycdbMO.jpg, #ffffff, #faffff, #fbffff
https://i.redd.it/7ofdqmp53bzy.jpg, #93886c, #988d71, #968b6f
https://i.redd.it/cpkq97klre4z.jpg, #777868, #767767, #787969
https://i.redd.it/n9jq5j2tatcy.jpg, #f3ffff, #f4ffff, #f5ffff
http://i.imgur.com/6pnYQUv.jpg, #1a1b1f, #191a1e, #18191d
https://i.redd.it/rubsfuf64lvy.jpg, #bab3a1, #bbb4a2, #bcb5a3
https://i.redd.it/0qow2dksb34z.jpg, #ffffff, #93cbed, #736756
https://i.redd.it/sn7ufk9fsv4z.jpg, #cbd0d6, #ccd1d7, #cacfd5
https://i.redd.it/nrafqoujmety.jpg, #232124, #242225, #222023
https://i.redd.it/ftd3sx5ah13z.jpg, #b54b31, #b44b2d, #ffffff
https://i.redd.it/c5pk0vnpg3ty.jpg, #6e81cd, #6e81ce, #ffffff
http://i.imgur.com/qvnjbVw.jpg, #a9acb5, #a8abb4, #abaeb7
http://i.imgur.com/pt9rmrv.jpg, #ffffff, #fcebdb, #fbeada
https://i.imgur.com/HRgRMOw.jpg, #a4a3a8, #a3a2a7, #408a59
https://i.redd.it/ax4eueu0szpy.jpg, #bcbac7, #22273a, #bbb9c7
https://i.redd.it/ru12lvaf7jyy.jpg, #9d9996, #9c9895, #9e9a97
http://i.imgur.com/Gh2I3pq.jpg, #beab9c, #bdaa9b, #bba899
https://i.redd.it/tb5pckm6e72y.jpg, #b8b6aa, #a1a29d, #b7b5a9
https://i.redd.it/fyqzavufvjwy.jpg, #dcb083, #fefefe, #ffffff
http://i.imgur.com/FApqk3D.jpg, #ffffff, #000000, #f3c300
https://i.redd.it/guul6eld2soy.jpg, #827b69, #878473, #7a7362
http://i.imgur.com/TKLs9lo.jpg, #ffffff, #fefefe, #f6f6f6
https://i.redd.it/m4cfqp8wfv5z.jpg, #d1d1d1, #d0d0d0, #dadadc
http://i.imgur.com/enhDnTM.jpg, #ffffff, #fefefe, #fdfdfd
https://i.redd.it/4m5yk8gjrtzy.jpg, #010101, #020001, #000000
https://i.redd.it/1nlgrn49x7ry.jpg, #bfbfbf, #cbcbcb, #14100d
http://i.imgur.com/M3NOzLC.jpg, #ffffff, #93907d, #928f7c
https://i.redd.it/xae65ypfqycy.jpg, #f4f4f4, #c83a2e, #c83b2f
http://i.imgur.com/lcEUZHv.jpg, #ffffff, #c6bbbf, #444a5a
https://i.redd.it/lsuw4p2ncyny.jpg, #ffffff, #a67742, #9e9e9c
https://i.redd.it/h5t3qddvvzry.jpg, #0e0e0e, #0d0d0d, #020202
https://i.redd.it/w5q6gldnvcuy.jpg, #f3f3f3, #f2f2f2, #101938
http://i.imgur.com/sXhEQez.jpg, #ffffff, #000000, #fdfdfd
https://i.redd.it/s5viyluv421z.jpg, #79512e, #7b5330, #7a522f
https://i.redd.it/d8021b5i2moy.jpg, #ffffff, #020305, #000000
https://i.redd.it/fsuv32a1cc9y.jpg, #ffffff, #fefefe, #fdfdfd
http://i.imgur.com/tyDhTll.jpg, #070705, #050503, #040603
https://i.redd.it/cwljeujku33z.jpg, #e9e6df, #e9e4de, #e4e1dc
http://i.imgur.com/puEqa4C.jpg, #908e9c, #928fa2, #92909e
https://i.redd.it/ihczg3pmle3z.jpg, #a4ad9c, #afb8a7, #b0b9a8
http://i.imgur.com/RycdbMO.jpg, #ffffff, #faffff, #fbffff
https://i.redd.it/cpkq97klre4z.jpg, #777868, #767767, #787969
https://i.redd.it/7ofdqmp53bzy.jpg, #93886c, #988d71, #968b6f
https://i.redd.it/n9jq5j2tatcy.jpg, #f3ffff, #f4ffff, #f5ffff
https://i.redd.it/ftd3sx5ah13z.jpg, #b54b31, #b44b2d, #ffffff
http://i.imgur.com/6pnYQUv.jpg, #1a1b1f, #191a1e, #18191d
http://i.imgur.com/pt9rmrv.jpg, #ffffff, #fcebdb, #fbeada
https://i.redd.it/rubsfuf64lvy.jpg, #bab3a1, #bbb4a2, #bcb5a3
https://i.redd.it/0qow2dksb34z.jpg, #ffffff, #93cbed, #736756
https://i.redd.it/c5pk0vnpg3ty.jpg, #6e81cd, #6e81ce, #ffffff
http://i.imgur.com/qvnjbVw.jpg, #a9acb5, #a8abb4, #abaeb7
https://i.redd.it/nrafqoujmety.jpg, #232124, #242225, #222023
https://i.imgur.com/HRgRMOw.jpg, #a4a3a8, #a3a2a7, #408a59
https://i.redd.it/ru12lvaf7jyy.jpg, #9d9996, #9c9895, #9e9a97
https://i.redd.it/ax4eueu0szpy.jpg, #bcbac7, #22273a, #bbb9c7
https://i.redd.it/sn7ufk9fsv4z.jpg, #cbd0d6, #ccd1d7, #cacfd5
http://i.imgur.com/Gh2I3pq.jpg, #beab9c, #bdaa9b, #bba899
https://i.redd.it/fyqzavufvjwy.jpg, #dcb083, #fefefe, #ffffff
https://i.redd.it/tb5pckm6e72y.jpg, #b8b6aa, #a1a29d, #b7b5a9
https://i.redd.it/guul6eld2soy.jpg, #827b69, #878473, #7a7362
http://i.imgur.com/TKLs9lo.jpg, #ffffff, #fefefe, #f6f6f6
http://i.imgur.com/FApqk3D.jpg, #ffffff, #000000, #f3c300
https://i.redd.it/m4cfqp8wfv5z.jpg, #d1d1d1, #d0d0d0, #dadadc
https://i.redd.it/4m5yk8gjrtzy.jpg, #010101, #020001, #000000
https://i.redd.it/1nlgrn49x7ry.jpg, #bfbfbf, #cbcbcb, #14100d
http://i.imgur.com/lcEUZHv.jpg, #ffffff, #c6bbbf, #444a5a
http://i.imgur.com/M3NOzLC.jpg, #ffffff, #93907d, #928f7c
https://i.redd.it/xae65ypfqycy.jpg, #f4f4f4, #c83a2e, #c83b2f
https://i.redd.it/lsuw4p2ncyny.jpg, #ffffff, #a67742, #9e9e9c
https://i.redd.it/w5q6gldnvcuy.jpg, #f3f3f3, #f2f2f2, #101938
https://i.redd.it/s5viyluv421z.jpg, #79512e, #7b5330, #7a522f
https://i.redd.it/d8021b5i2moy.jpg, #ffffff, #020305, #000000
https://i.redd.it/h5t3qddvvzry.jpg, #0e0e0e, #0d0d0d, #020202
http://i.imgur.com/enhDnTM.jpg, #ffffff, #fefefe, #fdfdfd
http://i.imgur.com/sXhEQez.jpg, #ffffff, #000000, #fdfdfd
http://i.imgur.com/tyDhTll.jpg, #070705, #050503, #040603
https://i.redd.it/fsuv32a1cc9y.jpg, #ffffff, #fefefe, #fdfdfd
https://i.redd.it/cwljeujku33z.jpg, #e9e6df, #e9e4de, #e4e1dc
http://i.imgur.com/puEqa4C.jpg, #908e9c, #928fa2, #92909e
https://i.redd.it/cpkq97klre4z.jpg, #777868, #767767, #787969
https://i.redd.it/ihczg3pmle3z.jpg, #a4ad9c, #afb8a7, #b0b9a8
http://i.imgur.com/RycdbMO.jpg, #ffffff, #faffff, #fbffff
https://i.redd.it/7ofdqmp53bzy.jpg, #93886c, #988d71, #968b6f
https://i.redd.it/ftd3sx5ah13z.jpg, #b54b31, #b44b2d, #ffffff
http://i.imgur.com/6pnYQUv.jpg, #1a1b1f, #191a1e, #18191d
https://i.redd.it/n9jq5j2tatcy.jpg, #f3ffff, #f4ffff, #f5ffff
https://i.redd.it/0qow2dksb34z.jpg, #ffffff, #93cbed, #736756
https://i.redd.it/rubsfuf64lvy.jpg, #bab3a1, #bbb4a2, #bcb5a3
https://i.redd.it/c5pk0vnpg3ty.jpg, #6e81cd, #6e81ce, #ffffff
http://i.imgur.com/qvnjbVw.jpg, #a9acb5, #a8abb4, #abaeb7
http://i.imgur.com/pt9rmrv.jpg, #ffffff, #fcebdb, #fbeada
https://i.redd.it/nrafqoujmety.jpg, #232124, #242225, #222023
https://i.redd.it/ru12lvaf7jyy.jpg, #9d9996, #9c9895, #9e9a97
https://i.imgur.com/HRgRMOw.jpg, #a4a3a8, #a3a2a7, #408a59
https://i.redd.it/ax4eueu0szpy.jpg, #bcbac7, #22273a, #bbb9c7
https://i.redd.it/sn7ufk9fsv4z.jpg, #cbd0d6, #ccd1d7, #cacfd5
https://i.redd.it/tb5pckm6e72y.jpg, #b8b6aa, #a1a29d, #b7b5a9
https://i.redd.it/fyqzavufvjwy.jpg, #dcb083, #fefefe, #ffffff
http://i.imgur.com/TKLs9lo.jpg, #ffffff, #fefefe, #f6f6f6
https://i.redd.it/guul6eld2soy.jpg, #827b69, #878473, #7a7362
http://i.imgur.com/FApqk3D.jpg, #ffffff, #000000, #f3c300
https://i.redd.it/m4cfqp8wfv5z.jpg, #d1d1d1, #d0d0d0, #dadadc
https://i.redd.it/4m5yk8gjrtzy.jpg, #010101, #020001, #000000
http://i.imgur.com/enhDnTM.jpg, #ffffff, #fefefe, #fdfdfd
https://i.redd.it/1nlgrn49x7ry.jpg, #bfbfbf, #cbcbcb, #14100d
http://i.imgur.com/lcEUZHv.jpg, #ffffff, #c6bbbf, #444a5a
https://i.redd.it/xae65ypfqycy.jpg, #f4f4f4, #c83a2e, #c83b2f
http://i.imgur.com/M3NOzLC.jpg, #ffffff, #93907d, #928f7c
http://i.imgur.com/Gh2I3pq.jpg, #beab9c, #bdaa9b, #bba899
https://i.redd.it/lsuw4p2ncyny.jpg, #ffffff, #a67742, #9e9e9c
https://i.redd.it/h5t3qddvvzry.jpg, #0e0e0e, #0d0d0d, #020202
https://i.redd.it/d8021b5i2moy.jpg, #ffffff, #020305, #000000
https://i.redd.it/s5viyluv421z.jpg, #79512e, #7b5330, #7a522f
https://i.redd.it/w5q6gldnvcuy.jpg, #f3f3f3, #f2f2f2, #101938
http://i.imgur.com/sXhEQez.jpg, #ffffff, #000000, #fdfdfd
http://i.imgur.com/puEqa4C.jpg, #908e9c, #928fa2, #92909e
http://i.imgur.com/tyDhTll.jpg, #070705, #050503, #040603
https://i.redd.it/fsuv32a1cc9y.jpg, #ffffff, #fefefe, #fdfdfd
https://i.redd.it/cwljeujku33z.jpg, #e9e6df, #e9e4de, #e4e1dc
https://i.redd.it/ihczg3pmle3z.jpg, #a4ad9c, #afb8a7, #b0b9a8
http://i.imgur.com/RycdbMO.jpg, #ffffff, #faffff, #fbffff
https://i.redd.it/cpkq97klre4z.jpg, #777868, #767767, #787969
https://i.redd.it/7ofdqmp53bzy.jpg, #93886c, #988d71, #968b6f
https://i.redd.it/ftd3sx5ah13z.jpg, #b54b31, #b44b2d, #ffffff
http://i.imgur.com/6pnYQUv.jpg, #1a1b1f, #191a1e, #18191d
https://i.redd.it/n9jq5j2tatcy.jpg, #f3ffff, #f4ffff, #f5ffff
https://i.redd.it/sn7ufk9fsv4z.jpg, #cbd0d6, #ccd1d7, #cacfd5
https://i.redd.it/rubsfuf64lvy.jpg, #bab3a1, #bbb4a2, #bcb5a3
https://i.redd.it/nrafqoujmety.jpg, #232124, #242225, #222023
http://i.imgur.com/pt9rmrv.jpg, #ffffff, #fcebdb, #fbeada
http://i.imgur.com/qvnjbVw.jpg, #a9acb5, #a8abb4, #abaeb7
https://i.redd.it/c5pk0vnpg3ty.jpg, #6e81cd, #6e81ce, #ffffff
https://i.redd.it/0qow2dksb34z.jpg, #ffffff, #93cbed, #736756
https://i.redd.it/ru12lvaf7jyy.jpg, #9d9996, #9c9895, #9e9a97
https://i.redd.it/ax4eueu0szpy.jpg, #bcbac7, #22273a, #bbb9c7
https://i.imgur.com/HRgRMOw.jpg, #a4a3a8, #a3a2a7, #408a59
http://i.imgur.com/TKLs9lo.jpg, #ffffff, #fefefe, #f6f6f6
https://i.redd.it/fyqzavufvjwy.jpg, #dcb083, #fefefe, #ffffff
https://i.redd.it/tb5pckm6e72y.jpg, #b8b6aa, #a1a29d, #b7b5a9
https://i.redd.it/guul6eld2soy.jpg, #827b69, #878473, #7a7362
http://i.imgur.com/FApqk3D.jpg, #ffffff, #000000, #f3c300
http://i.imgur.com/Gh2I3pq.jpg, #beab9c, #bdaa9b, #bba899
https://i.redd.it/m4cfqp8wfv5z.jpg, #d1d1d1, #d0d0d0, #dadadc
https://i.redd.it/4m5yk8gjrtzy.jpg, #010101, #020001, #000000
https://i.redd.it/1nlgrn49x7ry.jpg, #bfbfbf, #cbcbcb, #14100d
https://i.redd.it/xae65ypfqycy.jpg, #f4f4f4, #c83a2e, #c83b2f
http://i.imgur.com/lcEUZHv.jpg, #ffffff, #c6bbbf, #444a5a
http://i.imgur.com/M3NOzLC.jpg, #ffffff, #93907d, #928f7c
https://i.redd.it/lsuw4p2ncyny.jpg, #ffffff, #a67742, #9e9e9c
https://i.redd.it/w5q6gldnvcuy.jpg, #f3f3f3, #f2f2f2, #101938
https://i.redd.it/h5t3qddvvzry.jpg, #0e0e0e, #0d0d0d, #020202
https://i.redd.it/s5viyluv421z.jpg, #79512e, #7b5330, #7a522f
https://i.redd.it/d8021b5i2moy.jpg, #ffffff, #020305, #000000
http://i.imgur.com/sXhEQez.jpg, #ffffff, #000000, #fdfdfd
http://i.imgur.com/puEqa4C.jpg, #908e9c, #928fa2, #92909e
http://i.imgur.com/tyDhTll.jpg, #070705, #050503, #040603
https://i.redd.it/fsuv32a1cc9y.jpg, #ffffff, #fefefe, #fdfdfd
http://i.imgur.com/enhDnTM.jpg, #ffffff, #fefefe, #fdfdfd
https://i.redd.it/cwljeujku33z.jpg, #e9e6df, #e9e4de, #e4e1dc
https://i.redd.it/ihczg3pmle3z.jpg, #a4ad9c, #afb8a7, #b0b9a8
http://i.imgur.com/RycdbMO.jpg, #ffffff, #faffff, #fbffff
https://i.redd.it/cpkq97klre4z.jpg, #777868, #767767, #787969
https://i.redd.it/ftd3sx5ah13z.jpg, #b54b31, #b44b2d, #ffffff
https://i.redd.it/7ofdqmp53bzy.jpg, #93886c, #988d71, #968b6f
https://i.redd.it/n9jq5j2tatcy.jpg, #f3ffff, #f4ffff, #f5ffff
http://i.imgur.com/6pnYQUv.jpg, #1a1b1f, #191a1e, #18191d
http://i.imgur.com/pt9rmrv.jpg, #ffffff, #fcebdb, #fbeada
https://i.redd.it/nrafqoujmety.jpg, #232124, #242225, #222023
https://i.redd.it/0qow2dksb34z.jpg, #ffffff, #93cbed, #736756
https://i.redd.it/c5pk0vnpg3ty.jpg, #6e81cd, #6e81ce, #ffffff
https://i.redd.it/rubsfuf64lvy.jpg, #bab3a1, #bbb4a2, #bcb5a3
http://i.imgur.com/qvnjbVw.jpg, #a9acb5, #a8abb4, #abaeb7
https://i.redd.it/ru12lvaf7jyy.jpg, #9d9996, #9c9895, #9e9a97
https://i.imgur.com/HRgRMOw.jpg, #a4a3a8, #a3a2a7, #408a59
https://i.redd.it/sn7ufk9fsv4z.jpg, #cbd0d6, #ccd1d7, #cacfd5
https://i.redd.it/ax4eueu0szpy.jpg, #bcbac7, #22273a, #bbb9c7
http://i.imgur.com/Gh2I3pq.jpg, #beab9c, #bdaa9b, #bba899
https://i.redd.it/tb5pckm6e72y.jpg, #b8b6aa, #a1a29d, #b7b5a9
https://i.redd.it/fyqzavufvjwy.jpg, #dcb083, #fefefe, #ffffff
https://i.redd.it/m4cfqp8wfv5z.jpg, #d1d1d1, #d0d0d0, #dadadc
http://i.imgur.com/TKLs9lo.jpg, #ffffff, #fefefe, #f6f6f6
http://i.imgur.com/FApqk3D.jpg, #ffffff, #000000, #f3c300
https://i.redd.it/guul6eld2soy.jpg, #827b69, #878473, #7a7362
http://i.imgur.com/lcEUZHv.jpg, #ffffff, #c6bbbf, #444a5a
https://i.redd.it/4m5yk8gjrtzy.jpg, #010101, #020001, #000000
https://i.redd.it/1nlgrn49x7ry.jpg, #bfbfbf, #cbcbcb, #14100d
https://i.redd.it/xae65ypfqycy.jpg, #f4f4f4, #c83a2e, #c83b2f
http://i.imgur.com/M3NOzLC.jpg, #ffffff, #93907d, #928f7c
https://i.redd.it/w5q6gldnvcuy.jpg, #f3f3f3, #f2f2f2, #101938
https://i.redd.it/s5viyluv421z.jpg, #79512e, #7b5330, #7a522f
https://i.redd.it/h5t3qddvvzry.jpg, #0e0e0e, #0d0d0d, #020202
https://i.redd.it/lsuw4p2ncyny.jpg, #ffffff, #a67742, #9e9e9c
https://i.redd.it/d8021b5i2moy.jpg, #ffffff, #020305, #000000
http://i.imgur.com/tyDhTll.jpg, #070705, #050503, #040603
http://i.imgur.com/sXhEQez.jpg, #ffffff, #000000, #fdfdfd
https://i.redd.it/fsuv32a1cc9y.jpg, #ffffff, #fefefe, #fdfdfd
https://i.redd.it/cwljeujku33z.jpg, #e9e6df, #e9e4de, #e4e1dc
http://i.imgur.com/puEqa4C.jpg, #908e9c, #928fa2, #92909e
https://i.redd.it/7ofdqmp53bzy.jpg, #93886c, #988d71, #968b6f
https://i.redd.it/cpkq97klre4z.jpg, #777868, #767767, #787969
https://i.redd.it/ihczg3pmle3z.jpg, #a4ad9c, #afb8a7, #b0b9a8
http://i.imgur.com/RycdbMO.jpg, #ffffff, #faffff, #fbffff
https://i.redd.it/ftd3sx5ah13z.jpg, #b54b31, #b44b2d, #ffffff
http://i.imgur.com/6pnYQUv.jpg, #1a1b1f, #191a1e, #18191d
https://i.redd.it/n9jq5j2tatcy.jpg, #f3ffff, #f4ffff, #f5ffff
http://i.imgur.com/enhDnTM.jpg, #ffffff, #fefefe, #fdfdfd
https://i.redd.it/rubsfuf64lvy.jpg, #bab3a1, #bbb4a2, #bcb5a3
https://i.redd.it/0qow2dksb34z.jpg, #ffffff, #93cbed, #736756
https://i.redd.it/sn7ufk9fsv4z.jpg, #cbd0d6, #ccd1d7, #cacfd5
http://i.imgur.com/pt9rmrv.jpg, #ffffff, #fcebdb, #fbeada
https://i.redd.it/nrafqoujmety.jpg, #232124, #242225, #222023
http://i.imgur.com/qvnjbVw.jpg, #a9acb5, #a8abb4, #abaeb7
https://i.imgur.com/HRgRMOw.jpg, #a4a3a8, #a3a2a7, #408a59
https://i.redd.it/c5pk0vnpg3ty.jpg, #6e81cd, #6e81ce, #ffffff
https://i.redd.it/ax4eueu0szpy.jpg, #bcbac7, #22273a, #bbb9c7
https://i.redd.it/tb5pckm6e72y.jpg, #b8b6aa, #a1a29d, #b7b5a9
https://i.redd.it/ru12lvaf7jyy.jpg, #9d9996, #9c9895, #9e9a97
https://i.redd.it/fyqzavufvjwy.jpg, #dcb083, #fefefe, #ffffff
https://i.redd.it/guul6eld2soy.jpg, #827b69, #878473, #7a7362
http://i.imgur.com/Gh2I3pq.jpg, #beab9c, #bdaa9b, #bba899
https://i.redd.it/lsuw4p2ncyny.jpg, #ffffff, #a67742, #9e9e9c
https://i.redd.it/m4cfqp8wfv5z.jpg, #d1d1d1, #d0d0d0, #dadadc
http://i.imgur.com/enhDnTM.jpg, #ffffff, #fefefe, #fdfdfd
http://i.imgur.com/enhDnTM.jpg, #ffffff, #fefefe, #fdfdfd
